2021-06-12 13:25:04.513000,0.0
2021-06-12 16:27:27.411000,1.0
2021-06-12 16:29:29.422000,2.0
2021-06-12 17:35:45.527000,3.0
2021-06-12 17:36:10.551000,4.0
2021-06-12 19:58:49.787000,11.0
2021-06-12 20:29:43.775000,12.0
2021-06-12 21:11:39.811000,13.0
2021-06-12 21:12:07.804000,14.0
2021-06-12 21:44:18.064000,15.0
2021-06-12 22:41:36.749000,16.0
2021-06-13 05:48:36.340000,1.0
2021-06-13 06:37:09.023000,2.0
2021-06-13 07:27:16.309000,3.0
2021-06-13 07:27:35.289000,4.0
2021-06-13 07:28:04.311000,5.0
2021-06-13 07:28:53.008000,6.0
2021-06-13 07:29:43.008000,7.0
2021-06-13 07:30:32.027000,8.0
2021-06-13 07:31:23.010000,9.0
2021-06-13 07:32:13.028000,10.0
2021-06-13 07:33:03.026000,11.0
2021-06-13 07:33:53.635000,12.0
2021-06-13 07:34:43.621000,13.0
2021-06-13 07:48:02.760000,14.0
2021-06-13 07:57:49.347000,15.0
2021-06-13 07:59:59.370000,16.0
2021-06-13 08:03:06.393000,17.0
2021-06-13 08:16:33.436000,18.0
2021-06-13 08:16:53.405000,19.0
2021-06-13 08:17:19.428000,20.0
2021-06-13 08:23:32.431000,21.0
2021-06-13 08:23:51.433000,22.0
2021-06-13 08:24:11.433000,23.0
2021-06-13 08:25:50.430000,24.0
2021-06-13 08:27:07.440000,25.0
2021-06-13 09:02:06.888000,26.0
2021-06-13 09:02:28.885000,27.0
2021-06-13 09:02:49.876000,28.0
2021-06-13 09:03:09.878000,29.0
2021-06-13 09:13:42.867000,30.0
2021-06-13 09:14:02.851000,31.0
2021-06-13 09:14:23.869000,32.0
2021-06-13 09:14:43.876000,33.0
2021-06-13 09:15:03.862000,34.0
2021-06-13 09:25:33.886000,35.0
2021-06-13 12:34:12.175000,36.0
2021-06-13 12:37:28.176000,37.0
2021-06-13 12:38:12.195000,38.0
2021-06-13 12:49:34.350000,39.0
2021-06-13 12:50:18.905000,40.0
2021-06-13 14:47:22.248000,41.0
2021-06-13 14:47:37.285000,42.0
2021-06-13 14:47:52.244000,43.0
2021-06-13 14:48:07.244000,44.0
2021-06-13 14:48:22.241000,45.0
2021-06-13 14:48:37.250000,46.0
2021-06-13 14:48:51.248000,47.0
2021-06-13 14:49:07.237000,48.0
2021-06-13 14:49:34.234000,49.0
2021-06-13 14:49:49.247000,50.0
2021-06-13 14:50:10.254000,51.0
2021-06-13 14:50:28.252000,52.0
2021-06-13 15:37:25.750000,53.0
2021-06-13 15:37:43.749000,54.0
2021-06-13 16:00:53.398000,55.0
2021-06-13 16:01:19.397000,56.0
2021-06-13 17:41:01.702000,57.0
2021-06-13 17:41:34.716000,58.0
2021-06-13 17:47:59.725000,59.0
2021-06-13 17:55:32.498000,60.0
2021-06-13 17:56:49.514000,61.0
2021-06-13 17:59:18.098000,62.0
2021-06-13 18:02:54.563000,63.0
2021-06-13 18:56:05.274000,64.0
2021-06-13 18:56:24.266000,65.0
2021-06-13 18:56:43.298000,66.0
2021-06-13 18:57:03.257000,67.0
2021-06-13 18:57:22.273000,68.0
2021-06-13 18:57:42.267000,69.0
2021-06-13 18:58:03.267000,70.0
2021-06-13 19:20:51.319000,71.0
2021-06-13 19:21:36.299000,72.0
2021-06-13 20:07:56.791000,73.0
2021-06-13 20:09:13.797000,74.0
2021-06-13 20:12:08.796000,75.0
2021-06-13 20:12:45.781000,76.0
2021-06-13 20:14:42.786000,77.0
2021-06-13 20:20:00.810000,78.0
2021-06-13 20:48:29.737000,79.0
2021-06-13 20:48:55.693000,80.0
2021-06-13 21:03:20.060000,81.0
2021-06-13 21:13:15.720000,82.0
2021-06-13 21:13:54.711000,83.0
2021-06-13 21:14:15.528000,84.0
2021-06-13 21:25:04.541000,85.0
2021-06-13 22:00:47.597000,86.0
2021-06-13 22:01:07.576000,87.0
2021-06-13 22:02:24.592000,88.0
2021-06-14 06:10:18.200000,0.0
2021-06-14 06:11:11.032000,1.0
2021-06-14 06:11:39.051000,2.0
2021-06-14 06:12:27.029000,3.0
2021-06-14 06:13:17.025000,4.0
2021-06-14 06:14:07.037000,5.0
2021-06-14 06:14:57.050000,6.0
2021-06-14 06:25:55.082000,7.0
2021-06-14 06:26:21.080000,8.0
2021-06-14 06:26:48.085000,9.0
2021-06-14 06:30:42.083000,10.0
2021-06-14 06:31:02.066000,11.0
2021-06-14 06:31:38.092000,12.0
2021-06-14 06:32:27.077000,13.0
2021-06-14 06:33:16.087000,14.0
2021-06-14 06:34:06.077000,15.0
2021-06-14 06:34:55.092000,16.0
2021-06-14 06:35:45.474000,17.0
2021-06-14 06:36:35.496000,18.0
2021-06-14 06:37:24.479000,19.0
2021-06-14 06:48:49.510000,20.0
2021-06-14 16:59:20.888000,21.0
2021-06-14 17:04:46.886000,22.0
2021-06-14 17:35:14.953000,23.0
2021-06-14 18:46:52.985000,24.0
2021-06-14 18:47:27.988000,25.0
2021-06-14 18:47:43,26.0
2021-06-14 18:47:57.996000,27.0
2021-06-14 18:48:12.988000,28.0
2021-06-14 18:54:27.988000,29.0
2021-06-14 18:55:13,30.0
2021-06-14 18:55:56.990000,31.0
2021-06-14 18:56:42.004000,32.0
2021-06-14 18:57:26.007000,33.0
2021-06-14 18:59:08.006000,34.0
2021-06-14 19:00:00.005000,35.0
2021-06-14 19:14:46.076000,36.0
2021-06-14 19:35:38.271000,37.0
2021-06-14 19:53:38.463000,38.0
2021-06-14 20:03:59.500000,39.0
2021-06-14 20:05:08.509000,40.0
2021-06-14 20:09:31.324000,41.0
2021-06-14 20:09:50.324000,42.0
2021-06-14 20:16:41.334000,43.0
2021-06-14 20:17:06.354000,44.0
2021-06-14 21:37:13.695000,45.0
2021-06-14 21:38:07.696000,46.0
2021-06-15 02:51:53.685000,0.0
2021-06-15 06:11:18.377000,1.0
2021-06-15 06:11:39.388000,2.0
2021-06-15 06:22:35.105000,3.0
2021-06-15 06:31:35.121000,4.0
2021-06-15 07:01:58.656000,5.0
2021-06-15 17:13:54.516000,6.0
2021-06-15 17:20:00.147000,7.0
2021-06-15 17:21:18.149000,8.0
2021-06-15 18:09:35.821000,9.0
2021-06-15 18:09:58.811000,10.0
2021-06-15 18:51:36.626000,11.0
2021-06-15 18:52:01.618000,12.0
2021-06-15 19:53:15.561000,13.0
2021-06-15 19:59:27.586000,14.0
2021-06-15 20:00:15.594000,15.0
2021-06-15 20:00:57.596000,16.0
2021-06-15 20:01:27.596000,17.0
2021-06-15 20:02:08.588000,18.0
2021-06-15 20:02:58.606000,19.0
2021-06-15 20:03:47.577000,20.0
2021-06-15 20:04:37.601000,21.0
2021-06-15 20:05:27.593000,22.0
2021-06-15 20:05:59.568000,23.0
2021-06-15 20:06:38.570000,24.0
2021-06-15 20:07:22.574000,25.0
2021-06-15 20:07:57.859000,26.0
2021-06-15 20:08:44.722000,27.0
2021-06-15 20:09:30.726000,28.0
2021-06-15 20:10:13.724000,29.0
2021-06-15 20:10:56.733000,30.0
2021-06-15 20:11:38.728000,31.0
2021-06-15 20:12:13.738000,32.0
2021-06-15 20:12:37.734000,33.0
2021-06-15 20:13:02.727000,34.0
2021-06-15 20:13:26.730000,35.0
2021-06-15 20:13:59.745000,36.0
2021-06-15 20:14:40.746000,37.0
2021-06-15 20:17:45.755000,38.0
2021-06-15 20:18:28.755000,39.0
2021-06-15 20:24:36.751000,40.0
2021-06-15 20:25:02.764000,41.0
2021-06-15 20:58:28.597000,42.0
2021-06-15 21:06:27.583000,43.0
2021-06-16 00:38:59.950000,0.0
2021-06-16 06:08:16.683000,1.0
2021-06-16 06:08:36.645000,2.0
2021-06-16 06:09:25.665000,3.0
2021-06-16 06:10:14.667000,4.0
2021-06-16 06:10:48.663000,5.0
2021-06-16 06:11:23.702000,6.0
2021-06-16 06:12:13.675000,7.0
2021-06-16 06:13:02.664000,8.0
2021-06-16 06:13:52.656000,9.0
2021-06-16 06:14:42.675000,10.0
2021-06-16 06:33:14.713000,11.0
2021-06-16 06:33:31.710000,12.0
2021-06-16 07:15:30.675000,13.0
2021-06-16 07:16:13.683000,14.0
2021-06-16 16:39:39.411000,15.0
2021-06-16 16:40:00.391000,16.0
2021-06-16 16:40:21.387000,17.0
2021-06-16 16:40:39.402000,18.0
2021-06-16 16:40:58.390000,19.0
2021-06-16 16:41:16.400000,20.0
2021-06-16 16:41:34.395000,21.0
2021-06-16 16:41:55.412000,22.0
2021-06-16 16:46:44.393000,23.0
2021-06-16 16:56:16.433000,24.0
2021-06-16 16:57:01.434000,25.0
2021-06-16 16:57:46.428000,26.0
2021-06-16 16:58:30.415000,27.0
2021-06-16 17:00:12.428000,28.0
2021-06-16 17:59:36.881000,29.0
2021-06-16 19:57:09.465000,30.0
2021-06-16 19:57:34.453000,31.0
2021-06-16 21:35:15.337000,32.0
2021-06-17 05:50:35.187000,0.0
2021-06-17 06:07:56.558000,1.0
2021-06-17 06:08:14.567000,2.0
2021-06-17 06:08:44.513000,3.0
2021-06-17 06:09:31.521000,4.0
2021-06-17 06:10:10.503000,5.0
2021-06-17 06:10:53.944000,6.0
2021-06-17 06:11:43.812000,7.0
2021-06-17 06:12:32.824000,8.0
2021-06-17 06:13:22.820000,9.0
2021-06-17 06:14:12.822000,10.0
2021-06-17 06:15:01.908000,11.0
2021-06-17 06:33:53.817000,12.0
2021-06-17 07:09:59.114000,13.0
2021-06-17 16:23:46.189000,14.0
2021-06-17 17:22:28.817000,15.0
2021-06-17 17:22:48.238000,16.0
2021-06-17 17:39:57.996000,17.0
2021-06-17 17:46:34.984000,18.0
2021-06-17 17:47:27.003000,19.0
2021-06-17 18:20:13.945000,20.0
2021-06-17 18:20:36.935000,21.0
2021-06-17 19:50:46.717000,22.0
2021-06-17 19:51:09.704000,23.0
2021-06-17 19:54:33.717000,24.0
2021-06-17 19:55:21.757000,25.0
2021-06-17 19:56:10.721000,26.0
2021-06-17 19:56:59.713000,27.0
2021-06-17 19:57:49.729000,28.0
2021-06-17 19:58:38.719000,29.0
2021-06-17 19:59:28.724000,30.0
2021-06-17 20:44:09.887000,31.0
2021-06-17 20:44:33.886000,32.0
2021-06-18 06:08:31.211000,0.0
2021-06-18 06:33:58.010000,1.0
2021-06-18 06:34:17.008000,2.0
2021-06-18 06:34:43.007000,3.0
2021-06-18 07:54:13.640000,4.0
2021-06-18 07:55:01.614000,5.0
2021-06-18 07:55:50.613000,6.0
2021-06-18 07:56:39.623000,7.0
2021-06-18 07:57:28.275000,8.0
2021-06-18 07:58:18.294000,9.0
2021-06-18 07:59:07.281000,10.0
2021-06-18 07:59:57.280000,11.0
2021-06-18 08:00:46.285000,12.0
2021-06-18 08:01:36.360000,13.0
2021-06-18 08:02:25.286000,14.0
2021-06-18 08:03:15.312000,15.0
2021-06-18 08:04:05.315000,16.0
2021-06-18 08:04:54.303000,17.0
2021-06-18 08:05:44.307000,18.0
2021-06-18 08:09:18.317000,19.0
2021-06-18 08:11:07.324000,20.0
2021-06-18 08:37:59.819000,21.0
2021-06-18 08:41:31.873000,22.0
2021-06-18 08:42:21.852000,23.0
2021-06-18 08:43:12.861000,24.0
2021-06-18 08:52:29.354000,25.0
2021-06-18 08:53:40.314000,26.0
2021-06-18 08:56:34.315000,27.0
2021-06-18 08:58:34.341000,28.0
2021-06-18 09:20:58.383000,29.0
2021-06-18 10:58:52.607000,30.0
2021-06-18 12:10:51.156000,31.0
2021-06-18 12:11:14.147000,32.0
2021-06-18 12:13:45.166000,33.0
2021-06-18 12:14:39.152000,34.0
2021-06-18 12:17:16.159000,35.0
2021-06-18 12:18:01.173000,36.0
2021-06-18 12:18:46.154000,37.0
2021-06-18 12:39:53.923000,38.0
2021-06-18 14:29:55.357000,39.0
2021-06-18 14:30:17.396000,40.0
2021-06-18 14:30:38.350000,41.0
2021-06-18 14:31:00.789000,42.0
2021-06-18 14:32:01.429000,43.0
2021-06-18 14:32:47.366000,44.0
2021-06-18 14:33:16.376000,45.0
2021-06-18 14:33:43.369000,46.0
2021-06-18 14:34:11.412000,47.0
2021-06-18 14:34:56.370000,48.0
2021-06-18 14:36:04.378000,49.0
2021-06-18 14:36:31.374000,50.0
2021-06-18 16:59:36.939000,51.0
2021-06-18 17:01:45.952000,52.0
2021-06-18 18:06:18.802000,53.0
2021-06-18 19:36:44.776000,54.0
2021-06-18 19:37:11.780000,55.0
2021-06-18 19:38:34.763000,56.0
2021-06-18 19:39:28.773000,57.0
2021-06-18 19:40:31.767000,58.0
2021-06-18 19:41:16.776000,59.0
2021-06-18 19:42:19.761000,60.0
2021-06-18 19:42:47.784000,61.0
2021-06-18 19:43:50.219000,62.0
2021-06-18 20:32:42.099000,63.0
2021-06-18 20:47:44.124000,64.0
2021-06-18 20:55:43.744000,65.0
2021-06-18 21:16:28.798000,66.0
2021-06-19 04:31:15.453000,0.0
2021-06-19 06:50:49.303000,1.0
2021-06-19 06:51:15.304000,2.0
2021-06-19 07:32:46.852000,3.0
2021-06-19 07:52:08.542000,4.0
2021-06-19 08:17:34.885000,5.0
2021-06-19 08:18:11.883000,6.0
2021-06-19 08:18:35.881000,7.0
2021-06-19 08:18:58.875000,8.0
2021-06-19 08:19:20.876000,9.0
2021-06-19 08:19:38.877000,10.0
2021-06-19 08:20:07.894000,11.0
2021-06-19 08:20:55.880000,12.0
2021-06-19 08:21:44.906000,13.0
2021-06-19 08:22:33.891000,14.0
2021-06-19 08:23:22.892000,15.0
2021-06-19 08:24:11.887000,16.0
2021-06-19 08:25:01.883000,17.0
2021-06-19 08:25:51.891000,18.0
2021-06-19 08:26:40.931000,19.0
2021-06-19 08:27:30.903000,20.0
2021-06-19 08:28:20.922000,21.0
2021-06-19 08:29:10.891000,22.0
2021-06-19 08:30:01.045000,23.0
2021-06-19 08:33:02.909000,24.0
2021-06-19 09:06:58.423000,25.0
2021-06-19 09:07:23.419000,26.0
2021-06-19 09:07:48.433000,27.0
2021-06-19 09:08:13.426000,28.0
2021-06-19 09:08:33.419000,29.0
2021-06-19 09:08:49.420000,30.0
2021-06-19 09:09:04.439000,31.0
2021-06-19 09:09:20.441000,32.0
2021-06-19 09:09:36.430000,33.0
2021-06-19 09:09:51.419000,34.0
2021-06-19 09:10:07.428000,35.0
2021-06-19 09:10:22.426000,36.0
2021-06-19 09:10:38.431000,37.0
2021-06-19 09:10:54.428000,38.0
2021-06-19 09:11:09.439000,39.0
2021-06-19 09:11:25.440000,40.0
2021-06-19 09:11:40.429000,41.0
2021-06-19 09:11:56.435000,42.0
2021-06-19 09:12:11.487000,43.0
2021-06-19 09:12:27.444000,44.0
2021-06-19 09:12:42.456000,45.0
2021-06-19 09:12:57.422000,46.0
2021-06-19 09:13:13.425000,47.0
2021-06-19 09:13:28.428000,48.0
2021-06-19 09:13:44.430000,49.0
2021-06-19 09:13:59.432000,50.0
2021-06-19 09:14:15.441000,51.0
2021-06-19 09:14:30.441000,52.0
2021-06-19 09:14:46.438000,53.0
2021-06-19 09:15:01.432000,54.0
2021-06-19 09:15:17.438000,55.0
2021-06-19 09:15:32.439000,56.0
2021-06-19 09:15:48.443000,57.0
2021-06-19 09:16:03.452000,58.0
2021-06-19 09:16:18.447000,59.0
2021-06-19 09:16:34.438000,60.0
2021-06-19 09:16:49.441000,61.0
2021-06-19 09:17:05.440000,62.0
2021-06-19 09:17:20.441000,63.0
2021-06-19 09:17:36.437000,64.0
2021-06-19 09:17:51.440000,65.0
2021-06-19 09:18:06.452000,66.0
2021-06-19 09:18:22.440000,67.0
2021-06-19 09:18:37.450000,68.0
2021-06-19 09:18:53.461000,69.0
2021-06-19 09:19:08.448000,70.0
2021-06-19 09:19:24.464000,71.0
2021-06-19 09:19:39.434000,72.0
2021-06-19 09:19:54.451000,73.0
2021-06-19 09:20:10.443000,74.0
2021-06-19 09:20:25.455000,75.0
2021-06-19 09:20:40.445000,76.0
2021-06-19 09:20:56.450000,77.0
2021-06-19 09:21:11.458000,78.0
2021-06-19 09:21:26.460000,79.0
2021-06-19 09:21:42.451000,80.0
2021-06-19 09:21:57.461000,81.0
2021-06-19 09:22:12.457000,82.0
2021-06-19 09:22:28.452000,83.0
2021-06-19 09:22:43.466000,84.0
2021-06-19 09:22:58.457000,85.0
2021-06-19 09:23:14.451000,86.0
2021-06-19 09:23:29.456000,87.0
2021-06-19 09:23:44.455000,88.0
2021-06-19 09:23:59.459000,89.0
2021-06-19 09:24:15.463000,90.0
2021-06-19 09:24:30.453000,91.0
2021-06-19 09:24:45.453000,92.0
2021-06-19 09:25:01.449000,93.0
2021-06-19 09:25:16.451000,94.0
2021-06-19 09:25:31.460000,95.0
2021-06-19 09:25:47.464000,96.0
2021-06-19 09:26:02.471000,97.0
2021-06-19 09:26:17.485000,98.0
2021-06-19 09:26:32.473000,99.0
2021-06-19 09:26:48.452000,100.0
2021-06-19 09:27:03.472000,101.0
2021-06-19 09:27:18.461000,102.0
2021-06-19 09:27:34.484000,103.0
2021-06-19 09:27:49.463000,104.0
2021-06-19 09:28:04.461000,105.0
2021-06-19 09:28:19.465000,106.0
2021-06-19 09:28:35.469000,107.0
2021-06-19 09:28:55.458000,108.0
2021-06-19 09:29:05.472000,109.0
2021-06-19 09:29:21.461000,110.0
2021-06-19 09:29:36.476000,111.0
2021-06-19 09:29:51.319000,112.0
2021-06-19 09:30:07.334000,113.0
2021-06-19 09:30:22.329000,114.0
2021-06-19 09:30:37.329000,115.0
2021-06-19 09:30:52.344000,116.0
2021-06-19 09:31:08.334000,117.0
2021-06-19 09:31:23.351000,118.0
2021-06-19 09:31:38.336000,119.0
2021-06-19 09:31:53.328000,120.0
2021-06-19 09:32:09.349000,121.0
2021-06-19 09:32:24.320000,122.0
2021-06-19 09:32:39.325000,123.0
2021-06-19 09:32:55.323000,124.0
2021-06-19 09:33:10.328000,125.0
2021-06-19 09:33:25.329000,126.0
2021-06-19 09:33:40.334000,127.0
2021-06-19 09:33:56.337000,128.0
2021-06-19 09:34:11.329000,129.0
2021-06-19 09:34:26.338000,130.0
2021-06-19 09:34:42.342000,131.0
2021-06-19 09:34:57.329000,132.0
2021-06-19 09:35:12.329000,133.0
2021-06-19 09:35:27.329000,134.0
2021-06-19 09:35:43.447000,135.0
2021-06-19 09:35:58.334000,136.0
2021-06-19 09:36:13.324000,137.0
2021-06-19 09:36:29.335000,138.0
2021-06-19 09:36:44.344000,139.0
2021-06-19 09:36:59.351000,140.0
2021-06-19 09:37:14.336000,141.0
2021-06-19 09:37:29.333000,142.0
2021-06-19 09:37:44.352000,143.0
2021-06-19 09:37:59.351000,144.0
2021-06-19 09:38:15.337000,145.0
2021-06-19 09:38:30.350000,146.0
2021-06-19 09:38:45.351000,147.0
2021-06-19 09:39:00.899000,148.0
2021-06-19 09:39:15.340000,149.0
2021-06-19 09:39:31.341000,150.0
2021-06-19 09:39:46.339000,151.0
2021-06-19 09:40:01.525000,152.0
2021-06-19 09:40:16.333000,153.0
2021-06-19 09:40:32.354000,154.0
2021-06-19 09:40:47.346000,155.0
2021-06-19 09:41:02.337000,156.0
2021-06-19 09:41:17.362000,157.0
2021-06-19 09:41:32.340000,158.0
2021-06-19 09:41:48.354000,159.0
2021-06-19 09:42:03.360000,160.0
2021-06-19 09:42:18.359000,161.0
2021-06-19 09:42:33.351000,162.0
2021-06-19 09:42:49.410000,163.0
2021-06-19 09:43:04.367000,164.0
2021-06-19 09:43:19.343000,165.0
2021-06-19 09:43:34.364000,166.0
2021-06-19 09:43:49.351000,167.0
2021-06-19 09:44:05.358000,168.0
2021-06-19 09:44:20.356000,169.0
2021-06-19 09:44:35.350000,170.0
2021-06-19 09:44:50.345000,171.0
2021-06-19 09:45:05.355000,172.0
2021-06-19 09:45:21.364000,173.0
2021-06-19 09:45:36.366000,174.0
2021-06-19 09:45:51.376000,175.0
2021-06-19 09:46:06.359000,176.0
2021-06-19 09:46:22.362000,177.0
2021-06-19 09:46:37.379000,178.0
2021-06-19 09:46:52.354000,179.0
2021-06-19 09:47:07.371000,180.0
2021-06-19 09:47:22.358000,181.0
2021-06-19 09:47:38.352000,182.0
2021-06-19 09:47:53.347000,183.0
2021-06-19 09:48:08.366000,184.0
2021-06-19 09:48:23.354000,185.0
2021-06-19 09:48:38.373000,186.0
2021-06-19 09:48:54.386000,187.0
2021-06-19 09:49:09.362000,188.0
2021-06-19 09:49:24.367000,189.0
2021-06-19 09:49:39.376000,190.0
2021-06-19 09:49:54.365000,191.0
2021-06-19 09:50:10.371000,192.0
2021-06-19 09:50:25.370000,193.0
2021-06-19 09:50:40.364000,194.0
2021-06-19 09:50:55.362000,195.0
2021-06-19 09:51:11.372000,196.0
2021-06-19 09:51:26.374000,197.0
2021-06-19 09:51:41.365000,198.0
2021-06-19 09:51:56.365000,199.0
2021-06-19 09:52:11.365000,200.0
2021-06-19 09:52:26.361000,201.0
2021-06-19 09:52:42.367000,202.0
2021-06-19 09:52:57.365000,203.0
2021-06-19 09:53:12.378000,204.0
2021-06-19 09:53:27.362000,205.0
2021-06-19 09:53:43.391000,206.0
2021-06-19 09:54:28.374000,207.0
2021-06-19 10:20:28.583000,208.0
2021-06-19 10:20:49.591000,209.0
2021-06-19 10:21:09.593000,210.0
2021-06-19 10:21:29.596000,211.0
2021-06-19 10:23:08.631000,212.0
2021-06-19 10:24:24.576000,213.0
2021-06-19 10:27:28.591000,214.0
2021-06-19 10:28:13.593000,215.0
2021-06-19 10:28:59.587000,216.0
2021-06-19 10:31:09.614000,217.0
2021-06-19 10:57:20.736000,218.0
2021-06-19 10:57:41.741000,219.0
2021-06-19 10:58:01.741000,220.0
2021-06-19 10:58:22.757000,221.0
2021-06-19 10:58:42.839000,222.0
2021-06-19 10:59:09.759000,223.0
2021-06-19 11:13:31.753000,224.0
2021-06-19 11:13:51.729000,225.0
2021-06-19 11:14:12.732000,226.0
2021-06-19 11:14:32.735000,227.0
2021-06-19 11:14:52.753000,228.0
2021-06-19 11:31:13.777000,229.0
2021-06-19 11:31:36.780000,230.0
2021-06-19 11:32:16.764000,231.0
2021-06-19 13:20:55.406000,232.0
2021-06-19 13:33:28.411000,233.0
2021-06-19 13:34:12.407000,234.0
2021-06-19 13:39:48.736000,235.0
2021-06-19 13:42:04.746000,236.0
2021-06-19 14:35:13.852000,237.0
2021-06-19 15:14:56.402000,238.0
2021-06-19 17:29:32.692000,239.0
2021-06-19 17:30:21.683000,240.0
2021-06-19 17:30:48.683000,241.0
2021-06-19 17:31:06.723000,242.0
2021-06-19 17:31:23.694000,243.0
2021-06-19 17:32:08.726000,244.0
2021-06-19 17:32:57.692000,245.0
2021-06-19 17:33:46.693000,246.0
2021-06-19 17:34:35.704000,247.0
2021-06-19 17:35:24.702000,248.0
2021-06-19 17:36:13.699000,249.0
2021-06-19 17:37:02.698000,250.0
2021-06-19 17:37:51.699000,251.0
2021-06-19 17:46:36.488000,252.0
2021-06-19 17:46:56.505000,253.0
2021-06-19 17:48:15.481000,254.0
2021-06-19 17:49:49.487000,255.0
2021-06-19 17:54:55.487000,256.0
2021-06-19 17:55:18.506000,257.0
2021-06-19 17:56:36.510000,258.0
2021-06-19 17:56:51.559000,259.0
2021-06-19 17:57:05.539000,260.0
2021-06-19 17:57:19.482000,261.0
2021-06-19 17:57:32.497000,262.0
2021-06-19 17:57:46.520000,263.0
2021-06-19 17:57:59.510000,264.0
2021-06-19 17:58:12.503000,265.0
2021-06-19 17:58:26.514000,266.0
2021-06-19 17:58:39.567000,267.0
2021-06-19 17:58:52.511000,268.0
2021-06-19 17:59:05.543000,269.0
2021-06-19 17:59:19.515000,270.0
2021-06-19 17:59:32.494000,271.0
2021-06-19 17:59:45.511000,272.0
2021-06-19 17:59:59.514000,273.0
2021-06-19 18:00:12.501000,274.0
2021-06-19 18:00:25.513000,275.0
2021-06-19 18:00:38.509000,276.0
2021-06-19 18:00:52.493000,277.0
2021-06-19 18:01:05.495000,278.0
2021-06-19 18:01:18.506000,279.0
2021-06-19 18:01:32.512000,280.0
2021-06-19 18:01:45.513000,281.0
2021-06-19 18:04:26.524000,282.0
2021-06-19 18:18:54.142000,283.0
2021-06-19 18:19:16.350000,284.0
2021-06-19 18:19:36.134000,285.0
2021-06-19 18:19:56.995000,286.0
2021-06-19 18:27:54.011000,287.0
2021-06-19 18:28:15.060000,288.0
2021-06-19 18:28:35.030000,289.0
2021-06-19 18:28:55.023000,290.0
2021-06-19 18:29:15.055000,291.0
2021-06-19 18:36:48.039000,292.0
2021-06-19 19:49:55.556000,293.0
2021-06-19 20:07:08.599000,294.0
2021-06-19 20:24:44.015000,295.0
2021-06-20 06:12:02.476000,0.0
2021-06-20 06:37:53.121000,1.0
2021-06-20 06:48:21.876000,2.0
2021-06-20 07:06:19.123000,3.0
2021-06-20 07:06:40.166000,4.0
2021-06-20 07:06:57.141000,5.0
2021-06-20 07:07:42.133000,6.0
2021-06-20 07:34:30.242000,7.0
2021-06-20 07:34:49.235000,8.0
2021-06-20 07:35:15.242000,9.0
2021-06-20 07:35:51.239000,10.0
2021-06-20 07:40:36.273000,11.0
2021-06-20 07:43:13.259000,12.0
2021-06-20 07:47:29.681000,13.0
2021-06-20 07:49:35.272000,14.0
2021-06-20 07:50:18.312000,15.0
2021-06-20 07:56:49.298000,16.0
2021-06-20 08:39:42.432000,17.0
2021-06-20 08:47:41.424000,18.0
2021-06-20 09:58:21.576000,19.0
2021-06-20 09:58:44.562000,20.0
2021-06-20 12:03:11.056000,21.0
2021-06-20 12:07:55.063000,22.0
2021-06-20 12:08:18.035000,23.0
2021-06-20 12:19:54.505000,24.0
2021-06-20 13:37:51.632000,25.0
2021-06-20 13:38:10.630000,26.0
2021-06-20 13:40:50.376000,27.0
2021-06-20 14:09:04.036000,28.0
2021-06-20 17:43:30.960000,29.0
2021-06-20 17:48:40.941000,30.0
2021-06-20 17:58:01.123000,31.0
2021-06-20 17:58:46.964000,32.0
2021-06-20 18:26:10.342000,33.0
2021-06-20 19:07:13.052000,34.0
2021-06-20 19:07:33.054000,35.0
2021-06-20 19:07:53.047000,36.0
2021-06-20 19:08:13.045000,37.0
2021-06-20 19:08:34.052000,38.0
2021-06-20 19:08:55.052000,39.0
2021-06-20 19:09:15.049000,40.0
2021-06-20 19:09:33.041000,41.0
2021-06-20 19:15:16.835000,42.0
2021-06-20 19:15:36.819000,43.0
2021-06-20 20:00:15.843000,44.0
2021-06-20 20:02:48.829000,45.0
2021-06-20 20:03:08.831000,46.0
2021-06-21 06:08:38.510000,0.0
2021-06-21 06:09:39.213000,1.0
2021-06-21 06:10:27.226000,2.0
2021-06-21 06:11:07.201000,3.0
2021-06-21 06:11:52.211000,4.0
2021-06-21 06:12:42.202000,5.0
2021-06-21 06:13:31.206000,6.0
2021-06-21 06:14:21.200000,7.0
2021-06-21 06:25:15.676000,8.0
2021-06-21 06:26:13.663000,9.0
2021-06-21 06:32:42.672000,10.0
2021-06-21 06:33:04.682000,11.0
2021-06-21 08:45:21.781000,12.0
2021-06-21 08:54:14.788000,13.0
2021-06-21 09:24:29.778000,14.0
2021-06-21 09:31:50.824000,15.0
2021-06-21 09:32:33.831000,16.0
2021-06-21 09:33:29.802000,17.0
2021-06-21 09:34:12.868000,18.0
2021-06-21 10:01:24.589000,19.0
2021-06-21 10:01:46.645000,20.0
2021-06-21 10:02:12.585000,21.0
2021-06-21 10:15:44.613000,22.0
2021-06-21 10:37:28.657000,23.0
2021-06-21 13:55:53.227000,24.0
2021-06-21 14:43:42.646000,25.0
2021-06-21 14:45:00.643000,26.0
2021-06-21 14:47:18.651000,27.0
2021-06-21 17:01:58.581000,28.0
2021-06-21 17:02:23.564000,29.0
2021-06-21 18:10:45.145000,30.0
2021-06-21 18:11:06.077000,31.0
2021-06-21 18:11:25.075000,32.0
2021-06-21 18:11:39.078000,33.0
2021-06-21 18:11:53.056000,34.0
2021-06-21 18:12:08.056000,35.0
2021-06-21 18:12:22.067000,36.0
2021-06-21 18:12:39.101000,37.0
2021-06-21 18:12:54.080000,38.0
2021-06-21 18:13:14.086000,39.0
2021-06-21 18:16:59.072000,40.0
2021-06-21 18:19:07.095000,41.0
2021-06-21 18:26:16.082000,42.0
2021-06-21 19:40:52.373000,43.0
2021-06-21 19:41:14.363000,44.0
2021-06-21 19:41:57.370000,45.0
2021-06-21 19:43:11.685000,46.0
2021-06-21 19:44:07.680000,47.0
2021-06-21 19:45:52.693000,48.0
2021-06-21 19:47:22.688000,49.0
2021-06-21 19:57:17.482000,50.0
2021-06-21 21:28:56.108000,51.0
2021-06-22 06:08:26.943000,1.0
2021-06-22 06:27:35.602000,2.0
2021-06-22 06:28:00.609000,3.0
2021-06-22 16:08:02.744000,4.0
2021-06-22 16:08:48.737000,5.0
2021-06-22 16:24:30.870000,6.0
2021-06-22 16:25:16.904000,7.0
2021-06-22 16:26:01.868000,8.0
2021-06-22 17:00:09.960000,9.0
2021-06-22 17:32:46.292000,10.0
2021-06-22 18:01:07.909000,11.0
2021-06-22 18:01:30.925000,12.0
2021-06-22 18:10:59.897000,13.0
2021-06-22 18:11:34.908000,14.0
2021-06-22 18:12:08.902000,15.0
2021-06-22 18:12:23.901000,16.0
2021-06-22 18:12:38.928000,17.0
2021-06-22 18:13:01.917000,18.0
2021-06-22 19:00:38.318000,19.0
2021-06-22 19:01:26.307000,20.0
2021-06-22 19:02:15.322000,21.0
2021-06-22 19:03:03.938000,22.0
2021-06-22 19:03:53.956000,23.0
2021-06-22 19:04:42.954000,24.0
2021-06-22 19:05:32.960000,25.0
2021-06-22 19:06:21.962000,26.0
2021-06-22 19:07:11.976000,27.0
2021-06-22 19:08:01.964000,28.0
2021-06-22 19:08:51.954000,29.0
2021-06-22 19:09:41.982000,30.0
2021-06-22 19:10:31.952000,31.0
2021-06-22 19:11:22.022000,32.0
2021-06-22 19:18:36.666000,33.0
2021-06-22 20:13:20.151000,34.0
2021-06-22 20:13:35.151000,35.0
2021-06-22 20:13:49.225000,36.0
2021-06-22 20:14:16.147000,37.0
2021-06-22 20:14:45.150000,38.0
2021-06-22 20:17:55.144000,39.0
2021-06-22 20:18:18.144000,40.0
2021-06-22 20:18:35.139000,41.0
2021-06-22 20:19:00.709000,42.0
2021-06-22 20:19:48.193000,43.0
2021-06-22 20:20:36.143000,44.0
2021-06-22 20:21:24.144000,45.0
2021-06-22 20:22:13.165000,46.0
2021-06-22 20:23:02.141000,47.0
2021-06-22 20:23:51.157000,48.0
2021-06-22 20:24:40.161000,49.0
2021-06-22 20:33:23.180000,50.0
2021-06-22 20:37:23.176000,51.0
2021-06-22 20:39:43.222000,52.0
2021-06-22 20:40:24.496000,53.0
2021-06-22 20:41:05.498000,54.0
2021-06-22 22:47:50.637000,55.0
2021-06-23 06:09:50.075000,0.0
2021-06-23 06:12:55.559000,1.0
2021-06-23 06:27:52.484000,2.0
2021-06-23 06:28:21.474000,3.0
2021-06-23 06:29:09.459000,4.0
2021-06-23 06:31:35.522000,5.0
2021-06-23 06:33:58.494000,6.0
2021-06-23 06:34:17.492000,7.0
2021-06-23 06:58:22.348000,8.0
2021-06-23 07:05:21.314000,9.0
2021-06-23 07:08:15.310000,10.0
2021-06-23 07:09:04.317000,11.0
2021-06-23 07:09:53.318000,12.0
2021-06-23 07:11:19.346000,13.0
2021-06-23 08:25:49.043000,14.0
2021-06-23 08:34:03.061000,15.0
2021-06-23 08:35:00.073000,16.0
2021-06-23 09:27:56.995000,17.0
2021-06-23 12:03:58.474000,18.0
2021-06-23 12:04:14.482000,19.0
2021-06-23 15:44:57.189000,20.0
2021-06-23 17:59:34.756000,21.0
2021-06-23 18:53:41.127000,22.0
2021-06-23 18:55:58.211000,23.0
2021-06-23 18:59:11.620000,24.0
2021-06-23 18:59:56.603000,25.0
2021-06-23 19:00:40.619000,26.0
2021-06-23 19:02:14.612000,27.0
2021-06-23 19:03:16.614000,28.0
2021-06-23 19:03:37.624000,29.0
2021-06-23 20:05:20.033000,30.0
2021-06-23 20:05:42.025000,31.0
2021-06-23 20:56:09.692000,32.0
2021-06-23 21:16:43.378000,33.0
2021-06-23 23:15:37.018000,34.0
2021-06-24 06:08:38.828000,0.0
2021-06-24 06:09:09.513000,1.0
2021-06-24 06:09:57.520000,2.0
2021-06-24 06:10:44.520000,3.0
2021-06-24 06:11:32.525000,4.0
2021-06-24 06:12:16.516000,5.0
2021-06-24 06:12:57.519000,6.0
2021-06-24 06:13:46.515000,7.0
2021-06-24 06:14:35.513000,8.0
2021-06-24 06:15:25.568000,9.0
2021-06-24 06:16:14.514000,10.0
2021-06-24 06:29:08.948000,11.0
2021-06-24 06:29:26.952000,12.0
2021-06-24 06:30:14.943000,13.0
2021-06-24 06:31:03.940000,14.0
2021-06-24 06:31:53.967000,15.0
2021-06-24 06:32:42.941000,16.0
2021-06-24 06:33:31.954000,17.0
2021-06-24 06:34:20.941000,18.0
2021-06-24 06:35:10.957000,19.0
2021-06-24 06:35:59.946000,20.0
2021-06-24 17:40:10.536000,21.0
2021-06-24 17:47:42.517000,22.0
2021-06-24 17:48:29.528000,23.0
2021-06-24 18:12:18.567000,24.0
2021-06-24 18:12:35.585000,25.0
2021-06-24 18:12:50.554000,26.0
2021-06-24 18:13:11.557000,27.0
2021-06-24 19:09:51.876000,28.0
2021-06-24 19:10:35.898000,29.0
2021-06-24 19:11:18.866000,30.0
2021-06-24 19:11:59.919000,31.0
2021-06-24 19:38:45.964000,32.0
2021-06-24 19:45:44.961000,33.0
2021-06-24 19:50:59.949000,34.0
2021-06-24 19:51:23.977000,35.0
2021-06-24 20:37:06.674000,36.0
2021-06-24 20:37:30.683000,37.0
2021-06-24 20:37:45.700000,38.0
2021-06-24 20:37:59.697000,39.0
2021-06-24 20:38:14.599000,40.0
2021-06-24 20:38:29.602000,41.0
2021-06-24 20:38:44.630000,42.0
2021-06-24 20:38:58.602000,43.0
2021-06-24 20:39:11.587000,44.0
2021-06-24 20:39:25.602000,45.0
2021-06-24 20:39:39.600000,46.0
2021-06-24 20:39:53.590000,47.0
2021-06-24 20:40:06.594000,48.0
2021-06-24 20:40:20.586000,49.0
2021-06-24 20:40:34.588000,50.0
2021-06-24 20:40:47.598000,51.0
2021-06-24 20:41:03.594000,52.0
2021-06-24 20:41:43.610000,53.0
2021-06-24 20:48:55.603000,54.0
2021-06-24 20:49:44.600000,55.0
2021-06-24 20:50:33.603000,56.0
2021-06-24 20:51:21.615000,57.0
2021-06-24 20:52:10.609000,58.0
2021-06-24 20:52:59.609000,59.0
2021-06-24 21:12:45.804000,60.0
2021-06-24 21:15:19.808000,61.0
2021-06-24 21:15:45.225000,62.0
2021-06-24 21:16:33.266000,63.0
2021-06-24 21:17:22.257000,64.0
2021-06-24 21:18:07.323000,65.0
2021-06-24 21:18:57.281000,66.0
2021-06-24 21:19:47.296000,67.0
2021-06-24 21:20:37.328000,68.0
2021-06-24 21:21:27.287000,69.0
2021-06-24 21:22:19.308000,70.0
2021-06-24 21:23:07.319000,71.0
2021-06-24 21:23:57.323000,72.0
2021-06-24 21:24:47.311000,73.0
2021-06-24 21:25:37.346000,74.0
2021-06-24 21:26:28.322000,75.0
2021-06-24 21:27:18.300000,76.0
2021-06-24 21:28:06.308000,77.0
2021-06-24 22:26:50.537000,78.0
2021-06-24 22:27:33.572000,79.0
2021-06-25 06:09:39.292000,0.0
2021-06-25 06:25:37.076000,1.0
2021-06-25 06:26:25.085000,2.0
2021-06-25 06:27:11.070000,3.0
2021-06-25 06:32:26.835000,4.0
2021-06-25 06:32:52.841000,5.0
2021-06-25 07:15:30.660000,6.0
2021-06-25 07:16:13.674000,7.0
2021-06-25 07:25:18.660000,8.0
2021-06-25 16:43:06.001000,9.0
2021-06-25 16:43:26.983000,10.0
2021-06-25 17:27:56.314000,11.0
2021-06-25 17:28:16.309000,12.0
2021-06-25 19:52:51.867000,13.0
2021-06-25 19:53:17.872000,14.0
2021-06-25 19:59:07.880000,15.0
2021-06-25 19:59:53.935000,16.0
2021-06-25 20:00:42.908000,17.0
2021-06-25 22:42:40.271000,18.0
2021-06-25 22:50:41.551000,19.0
2021-06-25 22:53:47.575000,20.0
2021-06-25 23:48:51.776000,21.0
2021-06-25 23:49:16.653000,22.0
2021-06-26 06:19:27.766000,0.0
2021-06-26 07:34:34.201000,1.0
2021-06-26 07:34:51.227000,2.0
2021-06-26 07:45:06.683000,3.0
2021-06-26 07:47:03.656000,4.0
2021-06-26 08:30:24.334000,5.0
2021-06-26 08:32:00.308000,6.0
2021-06-26 08:42:05.334000,7.0
2021-06-26 08:42:20.348000,8.0
2021-06-26 08:42:35.344000,9.0
2021-06-26 09:41:46.214000,10.0
2021-06-26 09:45:06.196000,11.0
2021-06-26 09:45:51.232000,12.0
2021-06-26 09:46:36.210000,13.0
2021-06-26 09:51:30.231000,14.0
2021-06-26 09:52:49.223000,15.0
2021-06-26 10:35:52.435000,16.0
2021-06-26 10:36:15.455000,17.0
2021-06-26 10:36:35.462000,18.0
2021-06-26 10:36:55.506000,19.0
2021-06-26 10:42:19.539000,20.0
2021-06-26 10:58:10.468000,21.0
2021-06-26 11:00:32.486000,22.0
2021-06-26 11:07:09.488000,23.0
2021-06-26 11:07:30.491000,24.0
2021-06-26 11:07:50.483000,25.0
2021-06-26 11:08:11.507000,26.0
2021-06-26 11:09:02.510000,27.0
2021-06-26 11:14:56.080000,28.0
2021-06-26 11:15:21.100000,29.0
2021-06-26 11:15:41.081000,30.0
2021-06-26 11:16:01.500000,31.0
2021-06-26 11:16:22.081000,32.0
2021-06-26 11:16:53.132000,33.0
2021-06-26 11:36:06.549000,34.0
2021-06-26 12:38:29.431000,35.0
2021-06-26 12:45:34.877000,36.0
2021-06-26 13:42:55.538000,37.0
2021-06-26 13:57:44.692000,38.0
2021-06-26 14:28:59.837000,39.0
2021-06-26 14:29:53.831000,40.0
2021-06-26 14:30:23.819000,41.0
2021-06-26 16:06:46.714000,42.0
2021-06-26 16:07:31.733000,43.0
2021-06-26 16:20:31.686000,44.0
2021-06-26 16:20:52.712000,45.0
2021-06-26 16:21:18.676000,46.0
2021-06-26 16:38:10.874000,47.0
2021-06-26 16:38:59.871000,48.0
2021-06-26 16:39:48.887000,49.0
2021-06-26 16:40:28.871000,50.0
2021-06-26 16:40:46.878000,51.0
2021-06-26 16:41:07.010000,52.0
2021-06-26 16:41:32.995000,53.0
2021-06-26 16:41:50.008000,54.0
2021-06-26 16:42:22.999000,55.0
2021-06-26 16:43:11,56.0
2021-06-26 16:44:00.030000,57.0
2021-06-26 16:44:50.025000,58.0
2021-06-26 16:45:39.069000,59.0
2021-06-26 16:46:27.942000,60.0
2021-06-26 16:47:16.956000,61.0
2021-06-26 18:28:53.494000,62.0
2021-06-26 19:19:48.491000,63.0
2021-06-26 19:25:54.534000,64.0
2021-06-26 19:26:22.510000,65.0
2021-06-26 20:21:20.821000,66.0
2021-06-26 20:22:35.813000,67.0
2021-06-26 20:24:18.847000,68.0
2021-06-26 20:24:55.819000,69.0
2021-06-26 20:27:40.969000,70.0
2021-06-26 20:28:25.822000,71.0
2021-06-26 20:31:46.844000,72.0
2021-06-26 21:14:52.705000,73.0
2021-06-26 21:17:07.705000,74.0
2021-06-26 21:17:31.783000,75.0
2021-06-26 21:37:03.791000,76.0
2021-06-26 23:00:57.333000,77.0
2021-06-26 23:01:23.314000,78.0
2021-06-26 23:02:09.325000,79.0
2021-06-26 23:02:30.326000,80.0
2021-06-27 06:40:24.290000,0.0
2021-06-27 06:42:33.047000,1.0
2021-06-27 06:42:56.074000,2.0
2021-06-27 07:50:31.083000,3.0
2021-06-27 07:58:27.158000,4.0
2021-06-27 08:07:26.788000,5.0
2021-06-27 08:08:10.002000,6.0
2021-06-27 08:08:36.967000,7.0
2021-06-27 08:08:53.952000,8.0
2021-06-27 08:11:24.979000,9.0
2021-06-27 08:11:47.984000,10.0
2021-06-27 08:12:08.966000,11.0
2021-06-27 08:12:30.976000,12.0
2021-06-27 08:12:45.986000,13.0
2021-06-27 08:13:00.981000,14.0
2021-06-27 08:13:14.964000,15.0
2021-06-27 08:13:29.965000,16.0
2021-06-27 08:14:22.980000,17.0
2021-06-27 08:16:15.963000,18.0
2021-06-27 08:33:33.819000,19.0
2021-06-27 08:53:11.082000,20.0
2021-06-27 09:25:59.545000,21.0
2021-06-27 09:26:20.543000,22.0
2021-06-27 09:26:40.523000,23.0
2021-06-27 09:27:00.546000,24.0
2021-06-27 09:27:21.526000,25.0
2021-06-27 09:35:42.965000,26.0
2021-06-27 09:36:11.925000,27.0
2021-06-27 09:36:26.903000,28.0
2021-06-27 09:36:40.907000,29.0
2021-06-27 09:36:55.911000,30.0
2021-06-27 09:37:09.908000,31.0
2021-06-27 09:37:23.909000,32.0
2021-06-27 09:37:50.907000,33.0
2021-06-27 09:38:34.916000,34.0
2021-06-27 09:39:08.911000,35.0
2021-06-27 09:39:42.911000,36.0
2021-06-27 09:40:45.014000,37.0
2021-06-27 09:44:51.931000,38.0
2021-06-27 10:29:25.674000,39.0
2021-06-27 10:36:02.412000,40.0
2021-06-27 10:36:28.435000,41.0
2021-06-27 10:44:50.905000,42.0
2021-06-27 10:52:09.381000,43.0
2021-06-27 10:52:26.393000,44.0
2021-06-27 11:34:31.422000,45.0
2021-06-27 11:44:16.957000,46.0
